<annotation>
  <folder>input</folder>
  <filename>124.484000000.png</filename>
  <path>C:\Users\USRG-ASUS\Desktop\LAB\MBZIRC\openlabeling\main\input\124.484000000.png</path>
  <source>
    <database>Unknown</database>
  </source>
  <size>
    <width>640</width>
    <height>480</height>
    <depth>3</depth>
  </size>
  <segmented>0</segmented>
  <object>
    <name>facade</name>
    <pose>Unspecified</pose>
    <truncated>0</truncated>
    <difficult>0</difficult>
    <bndbox>
      <xmin>474</xmin>
      <ymin>211</ymin>
      <xmax>639</xmax>
      <ymax>294</ymax>
    </bndbox>
  </object>
  <object>
    <name>facade</name>
    <pose>Unspecified</pose>
    <truncated>0</truncated>
    <difficult>0</difficult>
    <bndbox>
      <xmin>201</xmin>
      <ymin>107</ymin>
      <xmax>237</xmax>
      <ymax>145</ymax>
    </bndbox>
  </object>
</annotation>
