<annotation>
  <folder>input</folder>
  <filename>130.124000000.png</filename>
  <path>C:\Users\USRG-ASUS\Desktop\LAB\MBZIRC\openlabeling\main\input\130.124000000.png</path>
  <source>
    <database>Unknown</database>
  </source>
  <size>
    <width>640</width>
    <height>480</height>
    <depth>3</depth>
  </size>
  <segmented>0</segmented>
  <object>
    <name>facade</name>
    <pose>Unspecified</pose>
    <truncated>0</truncated>
    <difficult>0</difficult>
    <bndbox>
      <xmin>222</xmin>
      <ymin>175</ymin>
      <xmax>300</xmax>
      <ymax>222</ymax>
    </bndbox>
  </object>
</annotation>
