<annotation>
  <folder>input</folder>
  <filename>171.188000000.png</filename>
  <path>C:\Users\USRG-ASUS\Desktop\LAB\MBZIRC\openlabeling\main\input\171.188000000.png</path>
  <source>
    <database>Unknown</database>
  </source>
  <size>
    <width>640</width>
    <height>480</height>
    <depth>3</depth>
  </size>
  <segmented>0</segmented>
  <object>
    <name>facade</name>
    <pose>Unspecified</pose>
    <truncated>0</truncated>
    <difficult>0</difficult>
    <bndbox>
      <xmin>265</xmin>
      <ymin>137</ymin>
      <xmax>330</xmax>
      <ymax>180</ymax>
    </bndbox>
  </object>
  <object>
    <name>facade</name>
    <pose>Unspecified</pose>
    <truncated>0</truncated>
    <difficult>0</difficult>
    <bndbox>
      <xmin>236</xmin>
      <ymin>416</ymin>
      <xmax>289</xmax>
      <ymax>450</ymax>
    </bndbox>
  </object>
  <object>
    <name>facade</name>
    <pose>Unspecified</pose>
    <truncated>0</truncated>
    <difficult>0</difficult>
    <bndbox>
      <xmin>524</xmin>
      <ymin>376</ymin>
      <xmax>610</xmax>
      <ymax>424</ymax>
    </bndbox>
  </object>
</annotation>
