<annotation>
  <folder>input</folder>
  <filename>174.220000000.png</filename>
  <path>C:\Users\USRG-ASUS\Desktop\LAB\MBZIRC\openlabeling\main\input\174.220000000.png</path>
  <source>
    <database>Unknown</database>
  </source>
  <size>
    <width>640</width>
    <height>480</height>
    <depth>3</depth>
  </size>
  <segmented>0</segmented>
  <object>
    <name>facade</name>
    <pose>Unspecified</pose>
    <truncated>0</truncated>
    <difficult>0</difficult>
    <bndbox>
      <xmin>268</xmin>
      <ymin>37</ymin>
      <xmax>473</xmax>
      <ymax>150</ymax>
    </bndbox>
  </object>
</annotation>
