<annotation>
  <folder>input</folder>
  <filename>195.752000000.png</filename>
  <path>C:\Users\USRG-ASUS\Desktop\LAB\MBZIRC\openlabeling\main\input\195.752000000.png</path>
  <source>
    <database>Unknown</database>
  </source>
  <size>
    <width>640</width>
    <height>480</height>
    <depth>3</depth>
  </size>
  <segmented>0</segmented>
  <object>
    <name>facade</name>
    <pose>Unspecified</pose>
    <truncated>0</truncated>
    <difficult>0</difficult>
    <bndbox>
      <xmin>113</xmin>
      <ymin>311</ymin>
      <xmax>245</xmax>
      <ymax>390</ymax>
    </bndbox>
  </object>
  <object>
    <name>facade</name>
    <pose>Unspecified</pose>
    <truncated>0</truncated>
    <difficult>0</difficult>
    <bndbox>
      <xmin>520</xmin>
      <ymin>0</ymin>
      <xmax>607</xmax>
      <ymax>46</ymax>
    </bndbox>
  </object>
</annotation>
