<annotation>
  <folder>input</folder>
  <filename>DSCN9002.JPG_20200218_125420.284.jpg</filename>
  <path>C:\Users\USRG-ASUS\Desktop\LAB\MBZIRC\openlabeling\main\input\DSCN9002.JPG_20200218_125420.284.jpg</path>
  <source>
    <database>Unknown</database>
  </source>
  <size>
    <width>960</width>
    <height>720</height>
    <depth>3</depth>
  </size>
  <segmented>0</segmented>
  <object>
    <name>facade</name>
    <pose>Unspecified</pose>
    <truncated>0</truncated>
    <difficult>0</difficult>
    <bndbox>
      <xmin>234</xmin>
      <ymin>206</ymin>
      <xmax>692</xmax>
      <ymax>381</ymax>
    </bndbox>
  </object>
</annotation>
