<annotation>
  <folder>input</folder>
  <filename>DSCN9000.MOV_20200218_125006.634.png</filename>
  <path>C:\Users\USRG-ASUS\Desktop\LAB\MBZIRC\openlabeling\main\input\DSCN9000.MOV_20200218_125006.634.png</path>
  <source>
    <database>Unknown</database>
  </source>
  <size>
    <width>960</width>
    <height>720</height>
    <depth>3</depth>
  </size>
  <segmented>0</segmented>
  <object>
    <name>facade</name>
    <pose>Unspecified</pose>
    <truncated>0</truncated>
    <difficult>0</difficult>
    <bndbox>
      <xmin>419</xmin>
      <ymin>298</ymin>
      <xmax>550</xmax>
      <ymax>369</ymax>
    </bndbox>
  </object>
</annotation>
